{
  "cores": [
    {
      "maintainer": "STMicroelectronics",
      "architecture": "stm32",
      "boards": [
        {
          "name": "NUCLEO_L031K6",
          "options": "opt=oslto"
        },
        {
          "name": "STEVAL_MKSBOX1V1",
          "options": "usb=CDCgen"
        },
        {
          "name": "STM32MP157A_DK1",
          "options": "virtio=enabled"
        },
        {
          "name": "STM32MP157C_DK2",
          "options": "virtio=generic"
        }
      ],
      "sketches": [
        {
          "pattern": "^.*$",
          "applicable": false,
          "boards": [
            "AFROFLIGHT_F103CB_12M",
            "BLACKPILL_F103CB",
            "BLACK_F407VG",
            "BLACK_F407ZE", "BLACK_F407ZG",
            "BLUEBUTTON_F103R8T", "BLUEBUTTON_F103RCT",
            "BLUEPILL_F103C6", "BLUEPILL_F103CB",
            "DEMO_F030F4_16M", "DEMO_F030F4_HSI",
            "GENERIC_F042C4TX", "GENERIC_F042C4UX", "GENERIC_F042C6TX", "GENERIC_F042K4TX",
            "GENERIC_F051K6UX",
            "GENERIC_F072C8TX", "GENERIC_F072C8UX", "GENERIC_F072CBTX", "GENERIC_F072CBUX",
            "GENERIC_F072R8TX", "GENERIC_F072RBHX", "GENERIC_F072RBIX",
            "GENERIC_F091RCHX", "GENERIC_F091RCTX", "GENERIC_F091RCYX",
            "GENERIC_F100C4TX", "GENERIC_F100C8TX",
            "GENERIC_F100R8TX",
            "GENERIC_F103C4TX", "GENERIC_F103C6UX", "GENERIC_F103C8TX", "GENERIC_F103CBUX",
            "GENERIC_F103R4HX", "GENERIC_F103R4TX", "GENERIC_F103R8HX", "GENERIC_F103R8TX",
            "GENERIC_F103RCTX", "GENERIC_F103RDTX", "GENERIC_F103RCYX", "GENERIC_F103RDYX", "GENERIC_F103RFTX",
            "GENERIC_F103T4UX", "GENERIC_F103T8UX",
            "GENERIC_F103V8HX", "GENERIC_F103V8TX", "GENERIC_F103VBHX","GENERIC_F103VBIX",
            "GENERIC_F103VCHX", "GENERIC_F103VCTX", "GENERIC_F103VDHX", "GENERIC_F103VDTX", "GENERIC_F103VEHX",
            "GENERIC_F103VFTX",
            "GENERIC_F103ZCHX", "GENERIC_F103ZCTX", "GENERIC_F103ZDHX", "GENERIC_F103ZDTX", "GENERIC_F103ZEHX",
            "GENERIC_F103ZFHX", "GENERIC_F103ZFTX", "GENERIC_F103ZGHX",
            "GENERIC_F207ZCTX", "GENERIC_F207ZETX", "GENERIC_F207ZFTX",
            "GENERIC_F217ZETX", "GENERIC_F217ZGTX",
            "GENERIC_F302R6TX",
            "GENERIC_F303CBTX",
            "GENERIC_F303K6TX",
            "GENERIC_F303RBTX",
            "GENERIC_F303RDTX",
            "GENERIC_F303VCTX",
            "GENERIC_F334K4TX", "GENERIC_F334K6TX", "GENERIC_F334K8TX",
            "GENERIC_F401CBUX", "GENERIC_F401CBYX", "GENERIC_F401CCFX", "GENERIC_F401CCYX",
            "GENERIC_F401CDUX", "GENERIC_F401CDYX", "GENERIC_F401CEUX", "GENERIC_F401CEYX",
            "GENERIC_F401RBTX", "GENERIC_F401RCTX", "GENERIC_F401RDTX",
            "GENERIC_F401VBTX", "GENERIC_F401VCTX", "GENERIC_F401VDTX",
            "GENERIC_F407VETX",
            "GENERIC_F407ZGTX",
            "GENERIC_F410C8TX", "GENERIC_F410C8UX",
            "GENERIC_F410R8IX", "GENERIC_F410R8TX", "GENERIC_F410RBIX",
            "GENERIC_F411CCUX", "GENERIC_F411CCYX", "GENERIC_F411CEYX",
            "GENERIC_F411RCTX",
            "GENERIC_F412CGUX",
            "GENERIC_F412REYX", "GENERIC_F412REYXP",
            "GENERIC_F412RGTX", "GENERIC_F412RGYX", "GENERIC_F412RGYXP",
            "GENERIC_F413CHUX",
            "GENERIC_F413RHTX",
            "GENERIC_F413ZGJX", "GENERIC_F413ZGTX", "GENERIC_F413ZHJX",
            "GENERIC_F415RGTX",
            "GENERIC_F417VETX", "GENERIC_F417VGTX",
            "GENERIC_F417ZETX", "GENERIC_F417ZGTX",
            "GENERIC_F423CHUX",
            "GENERIC_F423RHTX",
            "GENERIC_F423ZHJX", "GENERIC_F423ZHTX",
            "GENERIC_F427ZGTX", "GENERIC_F427ZITX",
            "GENERIC_F429ZETX", "GENERIC_F429ZGTX", "GENERIC_F429ZGYX", "GENERIC_F429ZIYX",
            "GENERIC_F437ZGTX", "GENERIC_F437ZITX",
            "GENERIC_F439ZGTX", "GENERIC_F439ZGYX", "GENERIC_F439ZITX", "GENERIC_F439ZIYX",
            "GENERIC_F446RCTX",
            "GENERIC_F446VETX",
            "GENERIC_F745ZETX", "GENERIC_F745ZGTX",
            "GENERIC_F746BETX", "GENERIC_F746BGTX", "GENERIC_F746NEHX",
            "GENERIC_F746ZETX", "GENERIC_F746ZEYX", "GENERIC_F746ZGYX",
            "GENERIC_F750N8HX",
            "GENERIC_F750Z8TX",
            "GENERIC_F756BGTX", "GENERIC_F756NGHX",
            "GENERIC_F756ZGTX", "GENERIC_F756ZGYX",
            "GENERIC_F765VGHX", "GENERIC_F765VIHX", "GENERIC_F765VITX",
            "GENERIC_F767VGHX", "GENERIC_F767VGTX", "GENERIC_F767VIHX", "GENERIC_F767VITX",
            "GENERIC_F765ZGTX", "GENERIC_F765ZITX",
            "GENERIC_F767ZGTX",
            "GENERIC_F777VIHX", "GENERIC_F777VITX",
            "GENERIC_F777ZITX",
            "GENERIC_G030K6TX",
            "GENERIC_G031J4MX", "GENERIC_G031J6MX",
            "GENERIC_G031K4TX", "GENERIC_G031K4UX", "GENERIC_G031K6TX", "GENERIC_G031K6UX", "GENERIC_G031K8TX", "GENERIC_G031K8UX",
            "GENERIC_G041K6TX", "GENERIC_G041K6UX", "GENERIC_G041K8UX",
            "GENERIC_G071R6TX", "GENERIC_G071R8TX", "GENERIC_G071RBIX", "GENERIC_G071RBTX", "GENERIC_G081RBIX",
            "GENERIC_G0B1RBTX", "GENERIC_G0B1RCTX", "GENERIC_G0C1RCTX", "GENERIC_G0C1RETX",
            "GENERIC_G431K6TX", "GENERIC_G431K6UX", "GENERIC_G431K8TX", "GENERIC_G431K8UX", "GENERIC_G431KBTX", "GENERIC_G431KBUX",
            "GENERIC_G441KBTX",
            "GENERIC_G431R6IX", "GENERIC_G431R6TX", "GENERIC_G431R8IX", "GENERIC_G431R8TX", "GENERIC_G431RBIX", "GENERIC_G431RBTX",
            "GENERIC_G441RBIX",
            "GENERIC_G473RBTX", "GENERIC_G473RCTX", "GENERIC_G473RETX",
            "GENERIC_G474RBTX", "GENERIC_G474RCTX", "GENERIC_G474RETX",
            "GENERIC_G483RETX",
            "GENERIC_H742IGKX", "GENERIC_H742IIKX", "GENERIC_H742IGTX", "GENERIC_H742IITX",
            "GENERIC_H742VGHX", "GENERIC_H742VIHX", "GENERIC_H742VGTX", "GENERIC_H742VITX",
            "GENERIC_H742ZGTX", "GENERIC_H742ZITX",
            "GENERIC_H743VGHX", "GENERIC_H743VIHX", "GENERIC_H743VITX",
            "GENERIC_H743ZGTX",
            "GENERIC_H747AGIX", "GENERIC_H747AIIX", "GENERIC_H747IGTX", "GENERIC_H747IITX",
            "GENERIC_H750IBTX", "GENERIC_H750VBTX", "GENERIC_H750ZBTX",
            "GENERIC_H753VIHX", "GENERIC_H753VITX",
            "GENERIC_H753ZITX",
            "GENERIC_H757AIIX", "GENERIC_H757IITX",
            "GENERIC_H743IGKX", "GENERIC_H743IGTX", "GENERIC_H743IIKX", "GENERIC_H743IITX", "GENERIC_H753IIKX", "GENERIC_H753IITX",
            "GENERIC_L010RBTX",
            "GENERIC_L031K4TX",
            "GENERIC_L041K6TX",
            "GENERIC_L051C6TX", "GENERIC_L051C6UX", "GENERIC_L051C8UX",
            "GENERIC_L052R6TX", "GENERIC_L052R8TX",
            "GENERIC_L053R6TX", "GENERIC_L063R8TX",
            "GENERIC_L072CZEX", "GENERIC_L072CZYX",
            "GENERIC_L072KZTX",
            "GENERIC_L072RBTX", "GENERIC_L072RZTX",
            "GENERIC_L073CZYX",
            "GENERIC_L073RBTX",
            "GENERIC_L082CZYX",
            "GENERIC_L082KBTX", "GENERIC_L082KZTX",
            "GENERIC_L083RBTX", "GENERIC_L083RZTX",
            "GENERIC_L100C6UX", "GENERIC_L100C6UXA",
            "GENERIC_L151C6TX", "GENERIC_L151C6TXA", "GENERIC_L151C6UX", "GENERIC_L151C6UXA", "GENERIC_L151C8TX", "GENERIC_L151C8TXA",
            "GENERIC_L151C8UX", "GENERIC_L151C8UXA", "GENERIC_L151CBTX", "GENERIC_L151CBUX", "GENERIC_L151CBUXA",
            "GENERIC_L152C6TX", "GENERIC_L152C6TXA", "GENERIC_L152C6UX", "GENERIC_L152C6UXA", "GENERIC_L152C8TX", "GENERIC_L152C8TXA",
            "GENERIC_L152C8UX", "GENERIC_L152C8UXA", "GENERIC_L152CBTX", "GENERIC_L152CBTXA", "GENERIC_L152CBUX", "GENERIC_L152CBUXA",
            "GENERIC_L151RETX", "GENERIC_L162RETX",
            "GENERIC_L412K8TX", "GENERIC_L412K8UX", "GENERIC_L412KBUX",
            "GENERIC_L422KBTX", "GENERIC_L422KBUX",
            "GENERIC_L432KBUX",
            "GENERIC_L433CBTX", "GENERIC_L433CCTX", "GENERIC_L433CBUX",
            "GENERIC_L442KCUX",
            "GENERIC_L443CCTX", "GENERIC_L443CCUX",
            "GENERIC_L452RCIX", "GENERIC_L452RCTX", "GENERIC_L452RCYX", "GENERIC_L452REIX", "GENERIC_L452REYX",
            "GENERIC_L462REIX", "GENERIC_L462RETX", "GENERIC_L462REYX",
            "GENERIC_L475RCTX", "GENERIC_L475RETX", "GENERIC_L475RGTX",
            "GENERIC_L476RCTX", "GENERIC_L476RETX",
            "GENERIC_L486RGTX",
            "GENERIC_L475VCTX", "GENERIC_L475VGTX",
            "GENERIC_L476VCTX", "GENERIC_L476VETX", "GENERIC_L476VGTX",
            "GENERIC_L486VGTX",
            "GENERIC_L496ZETX",
            "GENERIC_L4A6ZGTX",
            "GENERIC_L4A6ZGTXP",
            "GENERIC_L4R5VGTX", "GENERIC_L4R5VITX",
            "GENERIC_L4R5ZGYX",
            "GENERIC_L4R7VITX",
            "GENERIC_L4S7VITX",
            "GENERIC_L4R5ZGTX", "GENERIC_L4R5ZITX",
            "GENERIC_L4R7ZITX",
            "GENERIC_L4R9ZGJX", "GENERIC_L4R9ZGYX", "GENERIC_L4R9ZIYX",
            "GENERIC_L4S5ZIYX",
            "GENERIC_L4S7ZITX",
            "GENERIC_L4S9ZIJX", "GENERIC_L4S9ZIYX",
            "GENERIC_L552ZCTXQ",
            "GENERIC_L562ZETXQ",
            "GENERIC_U575AGIXQ", "GENERIC_U575AIIXQ", "GENERIC_U575ZGTXQ", "GENERIC_U585ZETXQ",
            "GENERIC_WB55CCUX", "GENERIC_WB55CGUX",
            "GENERIC_WB55RCVX", "GENERIC_WB55REVX",
            "GENERIC_WL54CCUX",
            "GENERIC_WL54JCIX", "GENERIC_WLE4J8IX", "GENERIC_WLE4JBIX",
            "GENERIC_WLE4C8UX", "GENERIC_WLE4CBUX", "GENERIC_WLE4CCUX",
            "GENERIC_WLE4JCIX",
            "GENERIC_WLE5C8UX", "GENERIC_WLE5CBUX", "GENERIC_WLE5CCUX",
            "GENERIC_WLE5J8IX", "GENERIC_WLE5JBIX", "GENERIC_WLE5JCIX",
            "NUCLEO_H743ZI",
            "NUCLEO_L496ZG",
            "NUCLEO_L4R5ZI",
            "PYBSTICK26_DUINO", "PYBSTICK26_LITE", "PYBSTICK26_STD",
            "RAK811_TRACKERA"
          ]
        }        ,
        {
          "pattern": "RTC_Seconds",
          "applicable": false,
          "boards": [ "NUCLEO_F030R8", "NUCLEO_F031K6", "NUCLEO_F042K6"]
        },
        {
          "pattern": "F1RTCDateRetention",
          "applicable": true,
          "boards": [ "NUCLEO_F103RB"]
        }
      ]
    }
  ]
}
